"Datum";"Test reactie";"Volledig ingevuld";"Welk cijfer geef je je bezoek aan de Science Day?";"Wat vond je het leukste programma onderdeel en waarom?";"Wat vond je het minst leuke programma onderdeel en waarom?";"Met hoeveel personen heb je Science Day bezocht?";"Wat is de leeftijd van de personen met wie je Science Day hebben bezocht?";"Wat is de nationaliteit van de personen met wie je Science Day hebben bezocht?";"Waarom heb je Science Day bezocht? (meerdere antwoorden mogelijk)";"Heb je al eerder Science Day bezocht?";"Hoe ben je naar Science Day gekomen?";"Wat vond je van het parkeerbeleid?";"Via welk kanaal heb je van de Science Days gehoord?";"In welke mate zou je ons event aanraden aan een vriend of kennis?            ";"Wat zouden wij kunnen doen om de ervaring voor jou te verbeteren in de toekomst?";
"2023.10.23 10:55:03";"N";"Y";"9";"auto maken";"";"2";"6 en 41";"Nederlands ";"Het was een gratis evenement, Het is in de buurt, Interesse in techniek, Interesse in de TU Delft";"Ja";"Fietsend";;"nieuwsbrief TU Delft Science Centre";"Zeker weten";"";
"2023.10.23 10:56:45";"N";"Y";"9";"great learning experience for children, and adults";"not available tickets after lunchtime for some activities";"2";"39 and 7";"Bulgarian";"Interesse in techniek";"Ja";"Openbaar vervoer";;"nieuwsbrief TU Delft Science Centre";"Zeker weten";"maybe do it more often as there is a lot of interest and not enough tickets";
"2023.10.23 10:57:39";"N";"Y";"7";"Mad Science";"";"4";"37,35,8,6";"Nederlands";"Het is in de buurt, Interesse in techniek";"Nee";"Fietsend";;"nieuwsbrief TU Delft Science Centre";"Waarschijnlijk wel";"De kaartjes voor het workshop gedeelte waren heel snel op. Dat was jammer wij waren er om half 1 en konden helaas alleen nog de Mad Science show bemachtigen. Deze was wel super leuk!";
"2023.10.23 10:59:18";"N";"Y";"8";"AI onderdeel bij Dream hall";"Microscopie, dit hadden we al eerder bijna hetzelfde gedaan";"2";"8 en 43";"Nederlands";"Het was een gratis evenement, Het is in de buurt, Interesse in de TU Delft";"Nee";"Fietsend";;"social media kanalen TU Delft Science Centre (Facebook, Instagram, Twitter), reclameborden in de stad, familie, vrienden of kenissen";"Zeker weten";"Van tevoren inschrijven voor workshops (nu was alles vol na 20 minuten in de rij staan). Workshops voor kinderen van 8+ kunnen ook zonder ouders, dan is het ook minder druk";
"2023.10.23 10:59:47";"N";"Y";;"We waren met onze kleinzoon van 5 jaar. De vliegende drones en de wijze waarop hij door jullie betrokken werd ..genoot hij van .";"De lange wachtrijen.";"3";"69, 62 en 5";"NL";"Het was een gratis evenement, Het is in de buurt, Interesse in techniek, Interesse in de TU Delft, Anders, namelijk: Leerzaam";"Nee";"Auto";"Duidelijk";"social media kanalen TU Delft Science Centre (Facebook, Instagram, Twitter)";"Zeker weten";"Jullie doen al heel erg jullie best. Maar kortere wachtrijen zou fijn zijn.";
"2023.10.23 11:04:08";"N";"Y";"8";"Robot maken en alle andere DIY onderdelen.";"Als ouder: wachten in de rij voor VR";"3";"11,48, 49";"Nederlands";"Het is in de buurt, Interesse in techniek";"Ja";"Fietsend";;"nieuwsbrief TU Delft Science Centre";"Zeker weten";"";
"2023.10.23 11:05:10";"N";"Y";"8";"Doe stations zijn erg leuk evenals presentatie ";"-";"4";"8,8,42,42";"Nl";"Interesse in techniek";"Ja";"Auto";"Duidelijk";"social media kanalen TU Delft Science Centre (Facebook, Instagram, Twitter)";"Zeker weten";"Ik vond de kaartjes voor de voorstelling erg onduidelijk. Wij waren later en blijkbaar waren deze op, maar we wisten dit niet op een andere manier dan toen we in de rij hadden gestaan en bij de deur kwamen. ";
"2023.10.23 11:05:47";"N";"Y";"6";"Koraalrif. Lekker creatief, veel mogelijkheden";"Workshops. Deze waren rond 11.05 ongeveer al allemaal uitverkocht.";"4";"5,8, 37 en 41";"Nederlands";"Het is in de buurt, Interesse in techniek, Anders, namelijk: Kinderen zijn geïnteresseerd in proefjes en microscopen etc.";"Nee";"Auto";"Duidelijk";"social media kanalen TU Delft Science Centre (Facebook, Instagram, Twitter), reclameborden in de stad";"Neutraal";"Minder druk, workshops van te voren reserveren, maximaal workshops per persoon zodat een ander ook iets heeft, duidelijkere rijen bij de doorlopende activiteiten (werd nu vaak voorgedrongen via zijkanten), activiteiten korter maken, bijvoorbeeld bij de vr duurde de rij lang, elk kind wat korter laten gaan, bij de 3D pennen was het wachten ook lang, dus ipv helemcreatief gewoon een rondje, vierkantje of hartje en dan de volgende. Duidelijker mbt zwerfafval inleveren. Onze kinderen hadden afval verzameld gedurende het lopen tussen de gebouwen, komen we bij de wagen, blijkt dat alleen bepaald soort afval mee mocht doen. Teleurgesteld natuurlijk. En wat meer eet tentjes en/of keuze. Was nu alleen de mogelijkheid tot frites. Misschien iets van belegde broodjes oid?";
"2023.10.23 11:06:09";"N";"Y";"9";"Raketten vliegtuigen en drones";"";"5 of meer";"9-14";"Nl";"Het was een gratis evenement, Het is in de buurt, Interesse in techniek, Interesse in de TU Delft";"Ja";"Auto";"Duidelijk";"nieuwsbrief TU Delft Science Centre";"Zeker weten";"";
"2023.10.23 11:06:16";"N";"Y";"9";"Dochter vond mad scientist het leukts";"3d printen net natuurlijke produkten, dochter vond de stank niet te harden";"2";"10, 54";"Nl";"Het was een gratis evenement, Interesse in techniek, Interesse in de TU Delft";"Nee";"Auto";"Duidelijk";"reclameborden in de stad, anders, namelijk: Folder";"Zeker weten";"Gratis flesjes water , er waren heel veel activiten, maar dat je max 2 vd 4 activiteiten met tickets kon boeken was niet meteen helder. Mooi event";
"2023.10.23 11:06:29";"N";"Y";"10";"";"";"2";"3 + 38";"Dutch and Swiss/South African";"Het is in de buurt, Interesse in techniek, Interesse in de TU Delft";"Nee";"Auto";"Duidelijk";"website TU Delft Science Centre, nieuwsbrief TU Delft Science Centre";"Zeker weten";"More options for food (maybe packed lunch take aways for kids etc.) Would be easier for parents. Activities seemed to be quite spread over the campus so clearer sign boards would be helpful or people directing the crowds. Awesome event in general! Well done. PS. maybe charge a small entrance fee like 2 Euro (a small fee means people attribute value to the event). ";
"2023.10.23 11:07:16";"N";"Y";"5";"De muziekdoosje met geperforeerd papier, omdat daar plek was om deel te nemen aan de activiteit";"Door de mircoscopen kijken naar algen, omdat er geen begeleiding en/of uitleg bij was";"5 of meer";"9, 11, 13, 17 & 42";"Nederlands";"Interesse in techniek, Interesse in de TU Delft, Anders, namelijk: Antoni van Leeuwenhoek jaar, met aandacht voor organismen (bacterien & dna)";"Ja";"Auto";"Duidelijk";"social media kanalen TU Delft Science Centre (Facebook, Instagram, Twitter)";"Niet";"Bij de ticketverkoop ook optie om in te schrijven voor de workshops, het kan niet dat halverwege de dag alles al tot het eind volgeboekt was, zonder van te voren te weten dat het de bedoeling was om aan het begin van de dag al in te schrijven. Enorme teleurstelling!";
"2023.10.23 11:07:59";"N";"Y";"9";"de waterhuishoudingbak in Green Village, Green Village in het algemeen, duurzaamheidsliefhebbers hier thuis en treinbaanliefhebbers (vandaar die bak)";"Geen idee, het was al leuk dat zoveel mensen hun best deden om hun onderzoek te delen";"5 of meer";"6,8,10,38,46";"Nederlands";"Interesse in techniek, Interesse in de TU Delft, Anders, namelijk: interesse in wetenschap";"Nee";"Openbaar vervoer";;"familie, vrienden of kenissen";"Zeker weten";"Het was fantastisch leuk";
"2023.10.23 11:08:09";"N";"Y";"9";"Tandenborstelrobot";"Bouw je eigen robot. De kinderen vonden het echter fantastisch. Wij vonden dat er te weinig tijd was en de groep te groot. ";"4";"54, 46, 9 en 7 jaar";"Nederlandse";"Interesse in techniek, Anders, namelijk: Orienteren ";"Nee";"Auto";"Duidelijk";"nieuwsbrief TU Delft Science Centre, social media kanalen TU Delft Science Centre (Facebook, Instagram, Twitter)";"Zeker weten";"We hebben een topdag gehad. Zoveel te doen! Tip: informatie omtrent activiteiten verbeteren, meer spreiden over de verschillende locaties? Wij waren al onze tijd kwijt aan 'gebouw rood'. Maar dat is daarmee reden om volgend jaar weer te komen!";
"2023.10.23 11:08:44";"N";"Y";"7";"Enthousiasme van de vrijwilligers";"Kaartjes opgehaald voor workshop maar vervolgens was het vol bij aankomst in de zaal.Kaartjes zouden per kind uitgedeeld moeten worden. ";"4";"9 en 11";"Nederlands";"Interesse in techniek, Interesse in de TU Delft";"Nee";"Auto";"Onduidelijk";"website TU Delft Science Centre";"Wellicht";"Onduidelijk of parkeren betaald is. En verder geen verkooppunt van drinken zoals water";
"2023.10.23 11:09:05";"N";"Y";"7";"De algehele opzet is heel leuk gedaan";"Soms wel lange wachtrijen en niet duidelijk wie er aan de beurt is. ";"3";"9,12 en 40";"Nederlandse ";"Het is in de buurt, Interesse in techniek";"Nee";"Auto";"Duidelijk";"social media kanalen TU Delft Science Centre (Facebook, Instagram, Twitter), familie, vrienden of kenissen";"Waarschijnlijk wel";"";
"2023.10.23 11:09:17";"N";"Y";"9";"Mad Science, spectaculair";"Kinder college Lego, te moeilijk voor kindje van 4.";"3";"4, 38, 45";"NL, NL, Vietnamees";"Het was een gratis evenement, Het is in de buurt, Interesse in techniek, Interesse in de TU Delft";"Nee";"Auto";"Duidelijk";"anders, namelijk: boekje van basisschool";"Waarschijnlijk wel";"";
"2023.10.23 11:11:24";"N";"Y";"7";"Hersenscan onderzoek";"nvt";"3";"10";"NL";"Interesse in techniek, Interesse in de TU Delft";"Nee";"Auto";"Onduidelijk";"familie, vrienden of kenissen";"Waarschijnlijk wel";"Meer verkooppunten van drinken. Koffie was halve dag niet beschikbaar en de snackbar mocht geen (fris)dranken verkopen.";
"2023.10.23 11:12:09";"N";"Y";"7";"Stempels halen, daarvoor kwam je overal langs.";"De rij om een patatje te kunnen halen.";"5 of meer";"1 tot 63 jaar";"Nederlandse";"Het was een gratis evenement, Het is in de buurt, Interesse in techniek, Interesse in de TU Delft";"Nee";"Lopend";;"anders, namelijk: EWI nieuwsbrief";"Waarschijnlijk wel";"Meer foodtrucks en mogelijkheid om te kunnen pinnen voor koffie. 'Technische' universiteit en pinnen werkt niet...";
"2023.10.23 11:12:16";"N";"Y";"9";"Mad Science Show & NEMO Show";"";"2";"6";"Nederlanders / Duits";"Het was een gratis evenement, Het is in de buurt, Interesse in techniek, Interesse in de TU Delft";"Nee";"Auto";"Duidelijk";"reclameborden in de stad";"Zeker weten";"meer en beter Eten (i.e. Sandwich) zul leuk zijn";
"2023.10.23 11:13:34";"N";"Y";"10";"Enthousiastic students, a wide range of projects shown, lots to do and see";"Food provision - one food truck with almost no vega options (apart from fries), with a long line.";"4";"11, 14, 44, 52";"Dutch, Polish";"Het was een gratis evenement, Het is in de buurt, Interesse in techniek, Interesse in de TU Delft";"Nee";"Lopend";;"nieuwsbrief TU Delft Science Centre";"Zeker weten";"A non-content related remark - Could you please offer vegetarian food options.";
"2023.10.23 11:13:44";"N";"Y";"8";"De mad Sieneke ";"";;"";"";;;;;;;"";
"2023.10.23 11:15:25";"N";"Y";"8";"Mad science show";"";"3";"9 en 5";"Nederlands";"Het is in de buurt, Interesse in techniek, Interesse in de TU Delft";"Nee";"Auto";"Duidelijk";"website TU Delft Science Centre, nieuwsbrief TU Delft Science Centre";"Zeker weten";"";
"2023.10.23 11:15:53";"N";"Y";"8";"Diversen, geen voorkeur";"Echo Mad Science: iets te simpel voor onze kids, 8-11 jaar, wel top gepresenteerd hoor, echt leuk gedaan.";"4";"8,10,11, 49";"NL";"Het was een gratis evenement, Interesse in techniek, Interesse in de TU Delft, Anders, namelijk: Netwerken voor mijzelf";"Nee";"Auto";"Duidelijk";"familie, vrienden of kenissen";"Zeker weten";"";
"2023.10.23 11:15:58";"N";"Y";"9";"Green village, de kinderen vonden race auto maken leuk en alles erom ook";"VR box, duurde veel te lang. Ze konden beter een beperkte tijd geven pp";"4";"40, 41, 8 en 6";"Nederlands";"Het was een gratis evenement, Interesse in techniek, Interesse in de TU Delft, Anders, namelijk: Kinderen ermee laten kennismaken alvast voor later ";"Ja";"Auto";"Duidelijk";"nieuwsbrief TU Delft Science Centre";"Zeker weten";"Weet even zo niet te zeggen";
"2023.10.23 11:16:50";"N";"Y";"6";"Makers space bezoek ";"Mad Science ";"3";"69, 32, 10";"Nederlands";"Het was een gratis evenement, Interesse in de TU Delft";"Nee";"Auto";"Duidelijk";"social media kanalen TU Delft Science Centre (Facebook, Instagram, Twitter)";"Waarschijnlijk wel";"De projecten waren veels te snel al op. Wij waren er om11.15 en kon je de bouw je eigen robot en meerdere workshops niet meer inschrijven. Vond het niet slim dat hele families kaarten kreeg in en zodoende veel kinderen niet aan de buurt kwam";
"2023.10.23 11:18:19";"N";"Y";"4";"Science show";"Alles was veel en veel te druk. ";"3";"7 en 10";"Nederlands";"Interesse in techniek, Interesse in de TU Delft";"Ja";"Auto";"Neutraal";"nieuwsbrief TU Delft Science Centre";"Wellicht";"Veel te druk, ook de tickets die je dit jaar moest aanschaffen waren hele rijen. Verspreid het over meerdere dagen. Laat mensen van te voren tickets kopen desnoods. Maar dit was echt niet leuk meer. ";
"2023.10.23 11:20:23";"N";"Y";"7";"We hebben niet alles gezien: de robotauto’s besturen";"We hebben niet alles gezien: alles was leuk en interessant.";"4";"1, 5, 9 en 41 jaar";"Nederlands ";"Het was een gratis evenement, Interesse in techniek, Interesse in de TU Delft";"Nee";"Openbaar vervoer";;"anders, namelijk: Gehoord van medewerkers van Science Centre";"Waarschijnlijk wel";"Toegangskaarten voor activiteiten verspreid over de dag weggeven. Nu was alles snel “uitverkocht”. Meer spelelementen verwerken in de presentatie van de onderzoeken en technieken, waardoor het voor kinderen aantrekkelijker is. Bij de activiteiten ook plekjes voor jonge kinderen om materialen te ontdekken (ermee spelen). ";
"2023.10.23 11:21:29";"N";"Y";;"College microbiologie,  nostalgie ";"Alle workshops waren om half 12 al vol";"4";"9. 11 en 40tigers";"Surinaamse Nederlandse ";"Het was een gratis evenement, Het is in de buurt, Interesse in techniek, Interesse in de TU Delft";"Nee";"Auto";"Duidelijk";"familie, vrienden of kenissen";"Waarschijnlijk wel";"Meer plekken of limiet op mensen";
"2023.10.23 11:26:19";"N";"Y";"7";"living reef (?), zelf knutselen";"";"2";"7";"Nederlands";"Geen speciale reden";"Nee";"Fietsend";;"nieuwsbrief TU Delft Science Centre";"Waarschijnlijk wel";"Het was veel te druk; tickets waren al heel snel op (wij hebben een half uur voor niets in de rij gestaan). Volgend jaar bijv. totaal minder mensen toelaten/spreiden over meerdere dagen. Speciale tickets vantevoren direct online boeken en niet ter plaatse.";
"2023.10.23 11:27:38";"N";"Y";"8";"Robots maken";"";"4";"4, 7, 37, 41";"Nederlands ";"Het was een gratis evenement, Het is in de buurt, Anders, namelijk: Goede reviews mensen die eerder deelnamen ";"Nee";"Auto";"Duidelijk";"familie, vrienden of kenissen";"Waarschijnlijk wel";"Het was op sommige plekken erg druk ";
"2023.10.23 11:28:15";"N";"Y";"9";"Dat je zelf iets kon maken zoals een mini robot van tandenborstel ";"In het blauwe gebouw. Was vorig jaar naar mijn mening groter? Meer te zien en te doen.";"4";"45,44, 11 en 8";"Nederlands";"Het was een gratis evenement, Het is in de buurt, Interesse in techniek, Interesse in de TU Delft";"Ja";"Auto";"Duidelijk";"social media kanalen TU Delft Science Centre (Facebook, Instagram, Twitter)";"Zeker weten";"Elk jaar steeds weer andere activiteiten/knutsels die je kan doen. Dat hebben jullie dit jaar ook gedaan, dus was top.";
"2023.10.23 11:28:54";"N";"Y";"9";"VR box, gaaf!";"VR box, erg lang wachten";"2";"50 en 9";"Nederlandse";"Het was een gratis evenement, Interesse in techniek";"Ja";"Auto";"Duidelijk";"nieuwsbrief TU Delft Science Centre";"Zeker weten";"";
"2023.10.23 11:30:38";"N";"Y";"7";"Dingen maken / bouwen";"Geen";"4";"8,10,40,41";"Nvt";"Anders, namelijk: Nieuwsgierig en leuk om de kinderen iets nieuws te laten ervaren";"Nee";"Auto";"Onduidelijk";"familie, vrienden of kenissen";"Waarschijnlijk wel";"Actieve personen bij parkeeringang, ";
"2023.10.23 11:31:00";"N";"Y";"9";"Dingen maken";"";"5 of meer";"6 tot 10 jaar";"";"Interesse in techniek, Interesse in de TU Delft";"Nee";"Openbaar vervoer";;;"Zeker weten";"";
"2023.10.23 11:31:35";"N";"Y";"9";"Alle losse stands en inloopmogelijkheden ";"We konden geen workshops meer volgen. Die zaten al vol tegen de tijd dat we aankwamen (12 uur) ";"5 of meer";"9 en 12 (en twee volwassenen) ";"Nederlands";"Interesse in techniek";"Nee";"Auto";"Duidelijk";"anders, namelijk: Website en programma van cultuurbarbaren ";"Zeker weten";"Meer aanbod van gezonde snacks of eten. ";
"2023.10.23 11:31:37";"N";"Y";"8";"ECHO";"Aarde & Water";"5 of meer";"6 t/m 13";"nederlands";"Interesse in techniek, Interesse in de TU Delft";"Nee";"Auto";"Duidelijk";"familie, vrienden of kenissen";"Zeker weten";"ECHO show ook wat uitleg geven, de kinderen boven de 12 vonden het iets te kinderachtig ";
"2023.10.23 11:33:00";"N";"Y";"7";"science center face detection";"science center markt";"4";"5,9,40,40";"nederlands";"Interesse in techniek";"Nee";"Fietsend";;"website TU Delft Science Centre, nieuwsbrief TU Delft Science Centre";"Waarschijnlijk wel";"de activiteiten waren erg druk, moeilijk om er tussen te komen en mee te doen met een activiteit. ";
"2023.10.23 11:40:13";"N";"Y";"10";"Dreamhal was ontzettend leuk en ook de workshops.";"Te weinig tijd, er was tegeel";"2";"10 en 47";"Nederlands";"Interesse in de TU Delft";"Nee";"Auto";"Duidelijk";"website TU Delft Science Centre";"Zeker weten";"";
"2023.10.23 11:40:14";"N";"Y";"6";"";"Het was veel te druk en te smal om de hoeveelheid bezoekers op een veilige manier te kunnen bewegen.";"4";"4, 7, 39 en 40";"Nederlands";"Het was een gratis evenement, Het is in de buurt, Interesse in techniek, Interesse in de TU Delft";"Ja";"Auto";"Neutraal";"nieuwsbrief TU Delft Science Centre";"Neutraal";"De plek waar de kaartjes voor de workshops was niet ideaal, er stond een hele lange rij waardoor je er niet meer langs kon. Bovendien werden alle kaartjes direct weggegeven, dus als je achteraan stond, had je nagenoeg niks meer. Het zou fijner zijn als je vooraf een plek kunt reserveren (bv max 2 per persoon). Dan hoef je daar niet in de rij én het is eerlijker verdeeld. Ook zou je met tijdsloten kunnen werken, zodat de bezoekers verdeeld worden over de dag. Dan wordt het ook gelijk wat veiliger. (www.tijdprikker.nl biedt hier een mooie gratis dienst voor aan).";
"2023.10.23 11:42:43";"N";"Y";"9";"Voor de kids was het science center zelf het leukst. Veel zelf doen, dat vinden ze het leukst (bijv VR bril en drones besturen) Maar ook de spaghettibrug maken was leuk.";"Jammer dat de workshops om 14 u al waren uitverkocht en weinig drink punten langs de route";"3";"53 en 2 jongens van 11 jaar";"Nederlands";"Interesse in techniek";"Ja";"Auto";"Duidelijk";"anders, namelijk: email ontvangen (werknemer)";"Zeker weten";"Iets meer drinkpunten (gewoon water is voldoende!) en een betere verdeling van tickets voor mensen die de drukte willen ontlopen en daarom later komen. Verder was het echt super leuk, bedankt!";
"2023.10.23 11:43:13";"N";"Y";"7";"Build your own robot. Kind was actief met iets technologisch en elektronisch bezig.";"Green village. Niet duidelijk voor kind wat er gebeurde.";"2";"8";"NL";"Het was een gratis evenement, Het is in de buurt, Interesse in techniek";"Nee";"Auto";"Neutraal";"anders, namelijk: via school";"Waarschijnlijk wel";"Beter eet en drink gelegenheid. Er was friet maar zag er niet uit. Geen drinken. Zoon had veel dorst. Toevallig ergens kraan kunnen vinden om met de hand te drinken, er waren geen bekers.";
"2023.10.23 11:45:29";"N";"Y";"10";"Alles";"";"5 of meer";"6,10,11,43,44";"Nederlands";"Interesse in techniek";"Nee";"Auto";"Duidelijk";"social media kanalen TU Delft Science Centre (Facebook, Instagram, Twitter)";"Zeker weten";"Ik zou graag op de hoogte blijven van de datum van de science day volgend jaar!";
"2023.10.23 11:45:48";"N";"Y";"9";"Moeilijk... De Mad Science show was heel leuk. En de wastebar!";"";"4";"5, 8, 39, 42";"NL";"Het was een gratis evenement, Het is in de buurt, Interesse in de TU Delft";"Nee";"Auto";"Duidelijk";"social media kanalen TU Delft Science Centre (Facebook, Instagram, Twitter)";"Zeker weten";"Het kindercollege over het leven is als lego had nog meer op kinderen gericht kunnen zijn, een enthousiastere spreker. Maar zoon van 8 (hoogbegaafd dus niet helemaal representief) vond het wel heel interessant!";
"2023.10.23 11:46:19";"N";"Y";"8";"Mad Science, leuke show voor de kinderen ";"";"4";"8, 11, 44, 47";"Nederlands";"Het was een gratis evenement, Het is in de buurt, Interesse in techniek, Interesse in de TU Delft";"Nee";"Fietsend";;"social media kanalen TU Delft Science Centre (Facebook, Instagram, Twitter), familie, vrienden of kenissen";"Waarschijnlijk wel";"Het was erg druk bij de (doorlopende) activiteiten en workshops . Toen we om 12:15u aankwamen konden we bij geen enkele workshop meer terecht terwijl mensen die eerder waren zich mogelijk voor meerdere dingen hebben opgegeven maar niet zijn gekomen. Misschien kan er een max op het aantal te volgen workshops pp worden gezet zodat iedereen een eerlijk kans heeft? Ook was meer etensplekken dan alleen een frietkraam en 2 koffiekarren fijn geweest!";
"2023.10.23 11:47:08";"N";"Y";"6";"Geen idee";"Dat de events al uitverkocht waren. We hadden bv graag de collegezaal ervaren/gezien.";"3";"13,13,52";"Nl";"Interesse in techniek, Interesse in de TU Delft";"Nee";"Auto";"Duidelijk";"social media kanalen TU Delft Science Centre (Facebook, Instagram, Twitter)";"Neutraal";"De tickets voor de events waren snel uitverkocht, had ik dat geweten waren we eerder gekomen. Graag  ook aandacht voor de interesse van pubers, mag iets hoger van niveau. Meer foodtrucks. Meer aanbod voor drinken of watertaps.";
"2023.10.23 11:47:35";"N";"Y";"9";"Dream hall";"geen idee";"3";"10 en 50+";"NL";"Het is in de buurt, Interesse in techniek, Interesse in de TU Delft";"Ja";"Fietsend";;"social media kanalen TU Delft Science Centre (Facebook, Instagram, Twitter)";"Zeker weten";"Geen idee. Alles goed georganiseerd met enthousiaste mensen";
"2023.10.23 11:47:46";"N";"Y";"10";"Dreamhal en workshops";"Te weinig tijd en te veel te zien/doen";"2";"10 en 47";"Nederlands";"Interesse in techniek, Interesse in de TU Delft, Anders, namelijk: Dochter bezoekt Junior Colleges";"Nee";"Auto";"Duidelijk";"website TU Delft Science Centre";"Zeker weten";"Misschien meer spreiding over terrein? Was nu vooral erg druk bij Science Center. Vooraf inschrijven voor workshops?";
"2023.10.23 11:48:37";"N";"Y";"8";"Raketten bouwen";"-";"3";"34 en 75";"Nederlands";"Interesse in techniek, Interesse in de TU Delft";"Nee";"Auto";"Duidelijk";"website TU Delft Science Centre";"Waarschijnlijk wel";"";
"2023.10.23 11:50:57";"N";"Y";"5";"Een bril maken met de 3D pen: daar hoefden we niet te wachten om zelf iets te maken";"Verder weinig gedaan: lange rijen, te druk, onoverzichtelijk";"4";"38, 7, 3";"Nederlands";"Het was een gratis evenement, Het is in de buurt, Interesse in techniek, Interesse in de TU Delft";"Ja";"Fietsend";;"reclameborden in de stad";"Niet";"Wachtrijen verminderen door bij inschrijving al te laten reserveren voor activiteiten, bv. maximaal 2 activiteiten per groep";
"2023.10.23 11:56:13";"N";"Y";"10";"Workshops, enorm veel aanbod";"Lange rijen en nog weinig kaartjes beschikbaar voor workshops";"4";"8,  11, 49 en 45";"Nederlandse";"Interesse in techniek, Interesse in de TU Delft";"Ja";"Auto";"Neutraal";"website TU Delft Science Centre";"Zeker weten";"Kaarten workshops anders uitdelen (online inschrijven, meerdere uitgifte punten)";
"2023.10.23 12:00:01";"N";"Y";"8";"gesprekken met de robotbouwers, en de dreamteams";"ik vond het jammer dat de robotbouw workshop om 12:00 al vol zat voor de rest van de dag";"3";"12, 14, 53";"nederlands";"Het was een gratis evenement, Het is in de buurt, Interesse in techniek, Interesse in de TU Delft, Anders, namelijk: voor middelbare scholieren beter zien wat er mogelijk is op de TU Delft qua studie en werk";"Nee";"Auto";"Duidelijk";"nieuwsbrief TU Delft Science Centre";"Zeker weten";"misschien meer workshops beschikbaar maken voor het robot bouwen, dat je misschien al vantevoren online kan reserveren, zodat jullie kunnen zien hoeveel interesse er is, en mogelijk meer plaatsen beschikbaar zouden kunnen maken. Het is ook wel fijn dat er nog plekken beschikbaar zijn op de dag zelf. Wij hebben zoveel interesse in de workshop robot bouwen dat we ook nog wel zullen komen als u dat in een mailing aan zou kondigen dat dat nog mogelijk is op een andere dag, als wij op dat moment ook kunnen.";
"2023.10.23 12:00:11";"N";"Y";"10";"Scheikunde, spectaculair en heel leuk gebracht!";"Geen een";"3";"6, 9, 48";"Nederlandse";"Het is in de buurt, Interesse in techniek, Interesse in de TU Delft";"Nee";"Openbaar vervoer";;"nieuwsbrief TU Delft Science Centre, familie, vrienden of kenissen";"Zeker weten";"Vooral zo mooi doorgaan! Van harte bedankt!";
"2023.10.23 12:00:42";"N";"Y";"10";"Mad science - paste bij de leeftijd";"Drukte bij welkombalie / kaartjes";"2";"6 & 37";"NL";"Interesse in techniek";"Ja";"Auto";"Duidelijk";"social media kanalen TU Delft Science Centre (Facebook, Instagram, Twitter)";"Zeker weten";"Duidelijker de activiteiten groeperen (luisteren / praten / kijken / doen, basis (kleuters) / ? (middenbouw) / ? (bovenbouw) / gevorderd etc. en online kaartjes claimen (geen rij)";
"2023.10.23 12:03:54";"N";"Y";"10";"De workshops, lekker actief en creatief";"Heb ik niet";"3";"51, 44, 11";"Nederlandse";"Interesse in techniek, Interesse in de TU Delft";"Nee";"Auto";"Duidelijk";"social media kanalen TU Delft Science Centre (Facebook, Instagram, Twitter)";"Zeker weten";"Niks! Wij vonden het super leuk en komen volgend jaar zeker weer";
"2023.10.23 12:09:41";"N";"Y";"7";"Maken van robotje";"Mad science viel wat tegen, was alleen maar droogijs in water, en varianten hierop.";"4";"3, 5 en 37";"NL";"Interesse in techniek";"Nee";"Auto";"Duidelijk";"familie, vrienden of kenissen";"Waarschijnlijk wel";"Meer opties eten en drinken. Eten was alleen patat en drinken was of uitverkocht of pinstoring. Of duidelijk vermelden vtv (dan hadden we zelf wat meegenomen).";
"2023.10.23 12:11:27";"N";"Y";"8";"Hyperloop, mooie ontwikkeling";"-";"2";"13 en 63";"Nederlandse";"Het is in de buurt, Interesse in techniek";"Ja";"Auto";"Duidelijk";"website TU Delft Science Centre";"Waarschijnlijk wel";"Doelgroep kinderen iets ouder.Nu waren de activiteiten erg op jonge kinderen gericht vond mijn dochter van 13.";
"2023.10.23 12:16:33";"N";"Y";"9";"Science ";"Duurzaam ";"5 of meer";"1, 6, 8, 39, 56, 59";"Nederlandse ";"Interesse in de TU Delft";"Ja";"Auto";"Duidelijk";"anders, namelijk: E-mail. ";"Zeker weten";"Geen";
"2023.10.23 12:22:58";"N";"Y";"7";"Dat het kinderen nieuwsgierig maakt";"Dat je heel veel mensen van de TU weinig instructies hadden meegekregen en daardoor je niet verder konden helpen";"3";"3 jaar en 52 jaar";"Nederlandse";"Het is in de buurt, Interesse in de TU Delft";"Nee";"Fietsend";;"reclameborden in de stad";"Waarschijnlijk wel";"Iets meer eettenten waardoor je de vibe beter ervaart!";
"2023.10.23 12:24:20";"N";"Y";"7";"";"";"5 of meer";"8 tot 50";"Nederlands ";"Het was een gratis evenement, Interesse in techniek, Interesse in de TU Delft";;"Fietsend";;"nieuwsbrief TU Delft Science Centre";"Waarschijnlijk wel";"";
"2023.10.23 12:25:33";"N";"Y";"10";"";"";"4";"";"";;"Nee";"Openbaar vervoer";;"anders, namelijk: Kite educatie ";"Zeker weten";"";
"2023.10.23 12:27:37";"N";"Y";"8";"Dat je zelf mocht freubelen";"Alleen maar luisteren";"5 of meer";"5 tot 39";"Nl";"Het was een gratis evenement, Het is in de buurt, Interesse in techniek, Interesse in de TU Delft, Anders, namelijk: Binnen kijken waar je zelf niet snel komt.  ";"Ja";"Fietsend";;"anders, namelijk: School krant en cultuurbarbaren";"Zeker weten";"Minder file voor activiteiten ";
"2023.10.23 12:31:49";"N";"Y";"9";"De Science show: leuke professor, interactie en weetjes";"De fysiek brede opzet (gelukkig was het weer goed!) en weinig opties voor eten (was heel druk)";"2";"26/29";"Nederlands";"Het was een gratis evenement, Interesse in techniek";"Ja";"Openbaar vervoer";;"familie, vrienden of kenissen";"Zeker weten";"";
"2023.10.23 12:33:09";"N";"Y";"7";"Workshop aardbeien dna";"";"2";"42 en 13";"Nederlands";"Interesse in techniek";"Nee";"Auto";"Duidelijk";"familie, vrienden of kenissen";"Waarschijnlijk wel";"Naast zeer interessante workshops was het ‘knutselgehalte’ voor vooral jongere kinderen erg hoog. Wat ons betreft mogen er meer workshops zijn die aansluiten bij de wat oudere doelgroep. ";
"2023.10.23 12:36:42";"N";"Y";"8";"mad science show vond mijn zoontje van 5 het gaafst";"workshop robot bouwen niet kunnen doen want was vol";"4";"40, 40, 5, 2";"Nederlands";"Het was een gratis evenement, Het is in de buurt, Interesse in techniek, Interesse in de TU Delft";;"Fietsend";;"social media kanalen TU Delft Science Centre (Facebook, Instagram, Twitter)";"Zeker weten";"Beter communiceren dat inschrijving voor workshops noodzakelijk is. Misschien online inschrijven voor workshops aanbieden om het een stuk makkelijker te maken.";
"2023.10.23 12:37:10";"N";"Y";"5";"De nemo kar";"De activiteiten in Rood";"4";"13/16";"NL";"Interesse in techniek, Interesse in de TU Delft";"Nee";"Auto";"Duidelijk";"social media kanalen TU Delft Science Centre (Facebook, Instagram, Twitter)";"Niet";"Veel te druk in Rood";
"2023.10.23 12:40:09";"N";"Y";"5";"Weet niet. Sloot niet aan bij 14+ leeftijd";"De mad science show. Echt kinderachtig. Waarom iemand inhuren als je zelf zoveel kwaliteiten in huis hebt! ";"4";"14.15";"NL";"Interesse in techniek";"Nee";"Auto";"Duidelijk";"familie, vrienden of kenissen";"Niet";"Activiteiten indelen op leeftijd (bijv tot 6, 7-12,13+) en meer ruimte geven aan de stands in rode gebouw";
"2023.10.23 12:44:59";"N";"Y";"10";"Chosen activities";"Workshops were too crowded at times";"4";"3,5,36,38";"Czech, Turkish";"Het was een gratis evenement, Het is in de buurt, Interesse in techniek";"Nee";"Fietsend";;"reclameborden in de stad";"Zeker weten";"";
"2023.10.23 12:45:35";"N";"Y";"8";"3D-scan van knuffels";"nvt";"2";"68 en 43";"Nederlands";"Het was een gratis evenement, Interesse in techniek, Interesse in de TU Delft";"Ja";"Auto";"Duidelijk";"website TU Delft Science Centre, anders, namelijk: LinkedIn";"Zeker weten";"Kijk nog eens naar de plattegrond en het tijdschema. De plattegrond kan wellicht nog iets overzichtelijker, en de kleine letters op het tijdschema waren lastig te lezen.";
"2023.10.23 12:48:30";"N";"Y";"8";"De afwisseling ";"De rondleiding in the green village. Niet goed afgestemd op kinderen.";"5 of meer";"3, 7, 9, 37 en 42";"Nl";"Interesse in techniek";"Nee";"Auto";"Duidelijk";"social media kanalen TU Delft Science Centre (Facebook, Instagram, Twitter)";"Zeker weten";"De kaarten voor de activiteiten beter verdelen. We waren vroeg en nog was alles voor rood al op.";
"2023.10.23 12:51:54";"N";"Y";"9";"Vliegtuigje maken van schuim";"?";"4";"40, 9, 6";"nederlands";"Het was een gratis evenement, Het is in de buurt, Interesse in techniek, Interesse in de TU Delft";"Nee";"Auto";"Duidelijk";"nieuwsbrief TU Delft Science Centre";"Zeker weten";"Van tevoren inschrijven voor workshops, met een max limiet. Dit zodat meerdere mensen gebruik van kunnen maken";
"2023.10.23 12:52:10";"N";"Y";"8";"Alle inloop proeven waren een beleving voor mijn dochter";"Catering was beperkt";"2";"10 en 46";"Nederlands";"Interesse in techniek, Interesse in de TU Delft";"Nee";"Auto";"Duidelijk";"nieuwsbrief TU Delft Science Centre";"Zeker weten";"Betere catering en duidelijkheid over het moeten halen van losse toegangskaarten voor bepaalde onderdelen";
"2023.10.23 12:59:30";"N";"Y";"10";"Gewoon rondlopen";"Nvt";"4";"0, 4, 5, 38";"Nl";"Het was een gratis evenement, Het is in de buurt, Interesse in techniek, Interesse in de TU Delft, Anders, namelijk: Heel educatief";"Nee";"Fietsend";;"familie, vrienden of kenissen";"Zeker weten";"Babyzone waar zo'n kleintje even ongestoord kan kruipen zou fijn zijn :) ";
"2023.10.23 13:03:43";"N";"Y";"10";"Mad Science, Duckie town, robocup, dare, swarming lab, face detected, kidscan, lobster robotics, microtattoo, BYOR, Microscopie, Watebar, Limonadefabriek, Forze, Areodelft, Watertafel, Blue Innovation, Smart Buildings, Ontdek CITG, Dream team: Epoch & Hyerloop, Alle Kindercolleges";"";"5 of meer";"4,5,43,50,28,35,36";"Nederlands";"Interesse in techniek, Interesse in de TU Delft, Anders, namelijk: Leuk om onze kleuters een beetje in aanraking komen met techniek. Het is nooit te vroeg om hun iets nieuws te zien, om hun interesses te triggeren en door te denken en kritische vragen te stellen.";"Nee";"Auto";"Duidelijk";"anders, namelijk: TU Delft Alumni, onze jongere nichtje";"Zeker weten";"Iets meer foodtrucks en drink tentjes en ook meer leuke events, voor kinderen vanaf 4 jaar en ouder. Het was zeker een leuke ervaring en techniek houd niet op, het blijft doorgaans ontwikkelen. Leuk om te zien, als wij volgend jaar komen, dat wij enige progressie zien ivgl wat wij dit jaar hebben gezien. Altijd leuk en laat zien dat TU Delft heel innoverend bezig is en toegevoegde waarde brengt aan de maatschappij, bedrijven en mondiaal niveau.";
"2023.10.23 13:10:00";"N";"Y";"8";"";"";"3";"3, 34";"British";"Het was een gratis evenement, Het is in de buurt, Interesse in techniek, Interesse in de TU Delft";"Nee";"Fietsend";;"familie, vrienden of kenissen";"Zeker weten";"";
"2023.10.23 13:17:42";"N";"Y";"10";"";"";"3";"10,15";"Swiss";"Interesse in techniek, Interesse in de TU Delft";"Nee";"Auto";"Duidelijk";"social media kanalen TU Delft Science Centre (Facebook, Instagram, Twitter)";"Zeker weten";"";
"2023.10.23 13:18:36";"N";"Y";"7";"mad science show, ";"de drukte overal, waardoor er 's middags weinig zelf meer te doen was";"4";"45,14,12,8";"nl";"Het was een gratis evenement, Het is in de buurt, Interesse in techniek, Interesse in de TU Delft, Anders, namelijk: ouder werkt bij de TU en stond op de science day";"Ja";"Fietsend";;"nieuwsbrief TU Delft Science Centre, social media kanalen TU Delft Science Centre (Facebook, Instagram, Twitter)";"Wellicht";"onze 14 jarige was te oud voor de meeste activiteiten die 's middags nog beschikbaar waren. Blijf het voor alle leeftijden interessant houden. ";
"2023.10.23 13:18:51";"N";"Y";"7";"zelf een auto'maken";"was erg druk en weinig uitleg bij het maken van de auto";"4";"52, 49, 14, 12";"nederlandse/ turkse";"Het was een gratis evenement, Interesse in techniek, Interesse in de TU Delft";"Nee";"Auto";"Duidelijk";"nieuwsbrief TU Delft Science Centre";"Waarschijnlijk wel";"meerdere dagen organiseren";
"2023.10.23 13:20:10";"N";"Y";"9";"Zelf dingen maken: tandenborstelbeestje, waterbeest van buisjes, raket";"Mad Science-show: ik had me er meer van voorgesteld…";"4";"8,10, 40, 42";"Nederlands";"Interesse in techniek";"Nee";"Auto";"Duidelijk";"website TU Delft Science Centre";"Zeker weten";"Een aantal onderdelen was op inschrijving. Hierdoor ontstond al direct een lange rij in het hoofdgebouw. Naar ons idee zou dit niet nodig zijn. Er is genoeg te doen, te ontdekken, te leren. Het is juist leuk om ergens aan te schuiven. Het zou mooi zijn als de drukte meteen gespreid werd. Die bleef nu in het rode gebouw hangen..";
"2023.10.23 13:26:14";"N";"Y";"8";"dreamhall";"";"2";"40 en 11";"nederlands";"Interesse in techniek, Interesse in de TU Delft";"Nee";"Auto";"Duidelijk";"nieuwsbrief TU Delft Science Centre";"Zeker weten";"de kaartjes voor de workshop misschien van tevoren al laten reserveren, die waren rond 12.00 al allemaal op! ";
"2023.10.23 13:40:57";"N";"Y";"8";"Makers lab, leuke activiteit en goeie uitleg ";"Mad science, ik vond de presentator saai. ";"5 of meer";"7, 10, 31, 32, 44, 68 ";"Nederlands ";"Het was een gratis evenement, Anders, namelijk: Wetenschappelijk interesse en benieuwd naar de werkplek van een familielid ";"Nee";"Auto";"Duidelijk";"familie, vrienden of kenissen";"Zeker weten";"De workshops waar je kaartjes voor nodig had binnen een half uur op. Heel erg jammer. Ik denk dat veel workshops geen kaartjes nodig hadden, maar inloop/doorlopend konden zijn. We hebben een aantal keer kunnen aansluiten omdat mensen met kaartjes er niet waren of er plek was. Ook kregen we kaartjes voor het aantal mensen dat we bij ons hadden. Voor bepaalde workshops was het misschien alleen nodig voor wie daadwerkelijk aan de workshop zou mee zou doen . ";
"2023.10.23 13:41:29";"N";"Y";"9";"Gele gebouw, tekenen, mad science was leuk";"Het wachten,  vaak kwamen we niet aan de beurt";"3";"9, 7, 48";"Nl";"Het was een gratis evenement, Het is in de buurt, Interesse in techniek";"Nee";"Auto";"Duidelijk";"social media kanalen TU Delft Science Centre (Facebook, Instagram, Twitter)";"Zeker weten";"Meer gezond eten, nu alleen patat met lange rij. Zorgen dat er snellere doorloop is bij populaire activiteiten nere ";
"2023.10.23 13:48:35";"N";"Y";"7";"Drones, helaas bijna allemaal aan de oplader.";"Geen, alles was interessant";"4";"39, 45, 8, 12";"Nl, ch";"Het was een gratis evenement, Het is in de buurt, Interesse in techniek, Anders, namelijk: Kids kennis layen maken met wetenschap";"Nee";"Auto";"Duidelijk";"social media kanalen TU Delft Science Centre (Facebook, Instagram, Twitter)";"Neutraal";"Meer bewegwijzering. Nu alles vrij onduidelijk. Beter systeem met tickets voor shows.";
"2023.10.23 13:50:33";"N";"Y";"10";"Robot workshop's ";"Geen, alles leuk";"2";"9";"Nl";"Het was een gratis evenement, Interesse in techniek, Interesse in de TU Delft";"Ja";"Auto";"Duidelijk";"nieuwsbrief TU Delft Science Centre";"Zeker weten";"Vond de regeling met Tickets voor de diverse evenementen helemaal top. Een enorme verbetering. Misschien ben ik er voorbij gelopen, maar zou graag een plattegrondje gezien hebben waar de diverse Workshops waren. We hebben ze gevonden, maar was wel even zoeken. We kunnen niet wachten tot volgend jaar. Dikke pluim voor alle medewerkers aan dit evenement!";
"2023.10.23 14:00:10";"N";"Y";"9";"Geen specifieke onderdeel , heel";"";"2";"";"";;;;;;;"";
"2023.10.23 14:01:28";"N";"Y";"9";"Bruggen bouwen van spaghetti en marshmallows. Het testen met gewicht eraan was het leukst.";"In de rij staan, verder was alles leuk!";"3";"7, 10 en 44";"Nederlands ";"Het was een gratis evenement, Het is in de buurt, Interesse in techniek, Interesse in de TU Delft";"Ja";"Auto";"Neutraal";"nieuwsbrief TU Delft Science Centre";"Zeker weten";"Alles prima";
"2023.10.23 14:02:54";"N";"Y";"8";"Dat de kinderen zelf van alles konden doen en ontdekken";"";"4";"8, 11";"Nl";"Het was een gratis evenement, Interesse in techniek, Interesse in de TU Delft";"Nee";"Auto";"Duidelijk";"familie, vrienden of kenissen";"Waarschijnlijk wel";"Meer eet en koffie tentjes, misschien wat meer foodtrucks";
"2023.10.23 14:07:15";"N";"Y";"10";"Raketten maken";"nvt";"2";"43 en 7";"Duits";"Het is in de buurt, Interesse in techniek, Interesse in de TU Delft";"Nee";"Fietsend";;"nieuwsbrief TU Delft Science Centre";"Zeker weten";"Inschrijven voor de labs moet vereenvoudigd worden (misschien online)";
"2023.10.23 14:16:35";"N";"Y";"8";"De 'mini' workshops waar je zelf wat kan maken zoals bv 'jeans label maken'. Laagdrempelig, niet te moeilijk ook voor wat kleinere kids, en je hoeft je niet in te schrijven/ticket te halen. Gewoon aanschuiven. En het was erg leuk, er stonden leuke en vriendelijke mensen bij die ook erg behulpzaam waren.";"AI photo booth, leuk idee maar slechte uitvoering. Lange rij, weinig toezicht/hulp en soms stond er niemand waardoor het allemaal erg lang duurde.";"4";"39, 38, 8, en 4.";"Nederlands";"Het was een gratis evenement, Het is in de buurt, Interesse in techniek, Interesse in de TU Delft";"Nee";"Auto";"Neutraal";"anders, namelijk: werk";"Zeker weten";"Meer eten/drinken aanbod. Pin was stuk bij 1 karretje, konden we meteen geen drinken meer kopen want hadden geen cash bij ons.";
"2023.10.23 14:23:06";"N";"Y";"8";"De show van 12 uur, omdat ik de experimenten heel leuk vond";"Dat ik niet naar de robot cursus kon ";"2";"44, 10";"Nederlands";"Het is in de buurt, Interesse in techniek, Interesse in de TU Delft, Anders, namelijk: ik wil er gaan studeren";"Nee";"Openbaar vervoer";;"social media kanalen TU Delft Science Centre (Facebook, Instagram, Twitter)";"Waarschijnlijk wel";"De kaartjes op een andere manier uitgeven. Nu waren we even over 11 binnen en de kaartjes voor robot maken waren al op, net zoals veel andere dingen. Misschien van te voren kunnen inschrijven voor bepaalde workshops. Of meer over de dag uitgeven. Of meerdere dagen science day ";
"2023.10.23 14:25:59";"N";"Y";"7";"show ";"";"5 of meer";"8 9 11 31 53";"it, nl, gr";"Het was een gratis evenement, Interesse in techniek, Interesse in de TU Delft";"Nee";"Auto";"Duidelijk";"familie, vrienden of kenissen";"Waarschijnlijk wel";"";
"2023.10.23 14:30:43";"N";"Y";"7";"Mad Science show";"Green village, was moeilijk om te vinden";"4";"4 7 40 40";"Nederland";"Het was een gratis evenement, Het is in de buurt, Interesse in techniek, Interesse in de TU Delft, Anders, namelijk: Geschikt voor kinderen";"Nee";"Auto";"Neutraal";"website TU Delft Science Centre, nieuwsbrief TU Delft Science Centre";"Zeker weten";"Meer activiteiten, meer capaciteit per activiteit";
"2023.10.23 14:31:29";"N";"Y";"10";"Robotje maken";"Tijdgebrek :-)";"3";"8, 12, 42";"Nederlandse ";"Het was een gratis evenement, Interesse in techniek";"Nee";"Auto";"Duidelijk";"familie, vrienden of kenissen";"Zeker weten";"";
"2023.10.23 14:32:39";"N";"Y";"8";"Auto in paviljoen Green Village. Echte auto staat er, simpele uitleg aanwezig, en verschllende manieren voor kinderen om zelf te knutselen.";"Projecten die er puur als tentoonstelling stonden. ";"3";"8, 32, 37";"Nederlands";"Interesse in techniek, Anders, namelijk: Verjaardag";"Nee";"Auto";"Duidelijk";"familie, vrienden of kenissen";"Waarschijnlijk wel";"Het was erg leuk maar ook erg druk. Bijna overal waren rijen, waardoor we veel dingen niet hebben kunnen zien. Misschien meerdere dagen volgende jaar? Er waren erg veel leuke onderdelen met goede kindvriendelijke uitleg, waar veel werk in heeft gezeten. Zoiets verdiend wel uitbreiding. Ander dingetje, locatie van tickets/stempels waren onduidelijk.";
"2023.10.23 14:33:39";"N";"Y";"8";"Variëteit van dingen om te doen. En ook voor alle leeftijden. Inhoudelijk was het top!";"Het logistieke gedeelte om het evenement te organiseren kan hier en daar wat beter. Bijvoorbeeld betere bewegwijzering en een ander systeem voor de workshoptickets.";"3";"42; 38; 5";"Nederlands";"Het was een gratis evenement, Interesse in techniek";"Nee";"Auto";"Duidelijk";"social media kanalen TU Delft Science Centre (Facebook, Instagram, Twitter)";"Zeker weten";"Logistiek beter te organiseren. Heb je hulp nodig? Ik help graag met meer dan 10 jaar ervaring in events. archena_s@hotmail.com";
"2023.10.23 14:34:43";"N";"Y";;"Mad Science";"Green Village";"2";"52, 13";"NL";"Interesse in techniek";"Nee";"Auto";"Duidelijk";"familie, vrienden of kenissen";"Waarschijnlijk wel";"";
"2023.10.23 14:40:28";"N";"Y";"9";"Living reef ";"Gratis poffertjes (hele strenge eisen t.a.v. kinderen die erg hun best hadden gedaan op een bijzonder schoon terrein) ";"4";"8, 10, 45, 47";"Nederlandse";"Het was een gratis evenement, Interesse in techniek, Interesse in de TU Delft";"Nee";"Auto";"Duidelijk";"familie, vrienden of kenissen";"Zeker weten";"Misschien tickets voor workshops iets meer gespreid (eerlijkere kans) verdelen ";
"2023.10.23 14:42:59";"N";"Y";"10";"Auto's bouwen";"-";"4";"6-4-volwassenen";"Nederlandse ";"Het was een gratis evenement, Interesse in techniek";"Nee";"Auto";"Duidelijk";"familie, vrienden of kenissen";"Zeker weten";"";
"2023.10.23 14:46:25";"N";"Y";"9";"";"";"5 of meer";"4,5,6 7,37 ,36,34,33,66";"Nl";"Interesse in techniek";"Nee";"Fietsend";;"familie, vrienden of kenissen";"Zeker weten";"";
"2023.10.23 15:00:26";"N";"Y";"9";"Spektakel show omdat hij het super leuk deed en de zaal was ook heel fijn (iedereen kon het goed zien)";"Ik vond het eten fijn dat het er was (miste we vorig jaar), maar jammer dat er alleen frietjes waren.";"4";"4,6,36,37";"Nl";"Interesse in techniek";"Ja";"Fietsend";;"nieuwsbrief TU Delft Science Centre";"Zeker weten";"Meer keuze in eten, online per ticket 2 workshops boeken ipv via rij bij balie, leeftijden benoemen bij workshops (dit was nu moeilijk in te schatten), beter karton gebruiken voor stempelkaart (viel er af), ";
"2023.10.23 15:00:58";"N";"Y";"8";"";"";"3";"";"";"Het is in de buurt, Interesse in techniek";"Nee";"Auto";"Neutraal";"familie, vrienden of kenissen";"Zeker weten";"Mogelijkheid om vooraf kaartjes te reserveren voor de activiteiten. Nu waren bij aankomst geen kasrtjes meer te krijgen voor veel shows/workshops ";
"2023.10.23 15:04:41";"N";"Y";"8";"Science centre";"Geen";"4";"11, 15 , 22 , 43";"Turks";"Interesse in de TU Delft";"Nee";"Auto";"Duidelijk";"familie, vrienden of kenissen";"Zeker weten";"Onder meer dagen verspreiden om drukte te veel drukte te vermijden";
"2023.10.23 15:13:20";"N";"Y";"10";"Mini robot bouwen. Erg leuk en veel opties van iets wat heel klein is!";"Mad Science. De meeste dingen hebben we al gezien .";"3";"11 en 45+";"Nederlanders";"Interesse in de TU Delft";"Ja";"Auto";"Duidelijk";"social media kanalen TU Delft Science Centre (Facebook, Instagram, Twitter)";"Zeker weten";"Aparte tickets voor de erg gewilde activiteiten was echt een goed idee!! Geen verbeterpunten.";
"2023.10.23 15:23:43";"N";"Y";"10";"Alles wat zo interessant, want ik heb gezien door mijn kids . ";"Wat minst was het de 3D pen , misschien door dat ze moest lang wachten ";"5 of meer";"40 jaar 2 personen, 11 , 9, 2 jaar ";"Polse";"Het was een gratis evenement, Interesse in techniek, Interesse in de TU Delft";"Nee";"Auto";"Onduidelijk";"website TU Delft Science Centre, nieuwsbrief TU Delft Science Centre";"Zeker weten";"Denken meer over parkeerplaats, voor busjes was het heel moeilijk. ";
"2023.10.23 15:27:39";"N";"Y";"10";"Geologie microscopen en kindercollege microbiologie";"Allemaal leuk!";"2";"4";"Nederlands";"Interesse in techniek, Interesse in de TU Delft";"Nee";"Openbaar vervoer";;"familie, vrienden of kenissen";"Zeker weten";"";
"2023.10.23 15:32:13";"N";"Y";"9";"";"Niet genoeg ticket voor workshop";"3";"51, 49, 12";"Nederland";"Interesse in techniek, Interesse in de TU Delft";"Ja";"Auto";"Neutraal";"nieuwsbrief TU Delft Science Centre";"Zeker weten";"online tickets voor workshop.";
"2023.10.23 15:54:45";"N";"Y";"5";"";"";"4";"9, 11";"Nederlands";"Interesse in techniek, Interesse in de TU Delft";"Ja";"Auto";"Duidelijk";"social media kanalen TU Delft Science Centre (Facebook, Instagram, Twitter)";"Neutraal";"Het is te veel mensen, te druk. Tickets zijn al op. Je hebt geen kans om meer dan een activiteit te beleven.";
"2023.10.23 16:14:34";"N";"Y";"10";"Civiele techniek vanwege de workshops, ook Ma Science was heel interactief";"";"4";"5, 7, 36 en 37";"NL, RUS";"Het was een gratis evenement, Het is in de buurt, Interesse in techniek, Interesse in de TU Delft";"Nee";"Auto";"Duidelijk";"familie, vrienden of kenissen";"Zeker weten";"";
"2023.10.23 16:18:45";"N";"Y";"10";"De vriendelijke mensen ";"-";"4";"36, 33, 4, 2";"NL";"Het was een gratis evenement, Het is in de buurt, Interesse in techniek, Interesse in de TU Delft, Anders, namelijk: Leuk voor thuisonderwijs kinderen";"Nee";"Auto";"Duidelijk";"familie, vrienden of kenissen";"Zeker weten";"";
"2023.10.23 16:31:43";"N";"Y";"9";"Mad science show, erg leuk en informatief.";"Kindercollege het leven is als LEGO, was best moeilijk voor de jongere kinderen. Titel schept andere verwachtingen.";"4";"8-12-42-43";"NL";"Het was een gratis evenement, Het is in de buurt, Interesse in techniek, Interesse in de TU Delft";"Ja";"Auto";"Duidelijk";"social media kanalen TU Delft Science Centre (Facebook, Instagram, Twitter), reclameborden in de stad";"Zeker weten";"";
"2023.10.23 16:33:06";"N";"Y";"8";"Accessible, hands on";"Tickets to events gone in second half of event ";"3";"9, adult";"American";"Het was een gratis evenement, Het is in de buurt, Interesse in techniek";"Nee";"Fietsend";;"familie, vrienden of kenissen";"Zeker weten";"";
"2023.10.23 16:39:51";"N";"Y";"10";"";"";"2";"7 en 37";"NL";"Het was een gratis evenement, Anders, namelijk: Ouders hebben aan de TU gestudeerd ";"Nee";"Auto";"Neutraal";"familie, vrienden of kenissen";"Waarschijnlijk wel";"Iets meer laten zien hoe de dingen in elkaar zitten";
"2023.10.23 16:46:53";"N";"Y";"8";"";"";"3";"10, 76 en 78";"Hollanders";"Anders, namelijk: Om kleinzoon dit evenement te laten zien ";"Nee";"Auto";"Duidelijk";"social media kanalen TU Delft Science Centre (Facebook, Instagram, Twitter)";"Waarschijnlijk wel";"Niets alles goed ";
"2023.10.23 16:48:22";"N";"Y";"8";"waar je zelf iets kon maken - leuk voor de kinderen";"geen";"3";"3, 7 en 42";"Nederlands";"Het is in de buurt, Interesse in techniek, Interesse in de TU Delft";"Nee";"Auto";"Duidelijk";"nieuwsbrief TU Delft Science Centre, social media kanalen TU Delft Science Centre (Facebook, Instagram, Twitter)";"Waarschijnlijk wel";"meer horeca / gelegenheid om iets te drinken en eten te kopen";
"2023.10.23 16:56:50";"N";"Y";"6";"";"";"4";"8, 10, 40, 43";"Nederlands ";"Interesse in techniek, Interesse in de TU Delft";"Ja";"Auto";"Duidelijk";"social media kanalen TU Delft Science Centre (Facebook, Instagram, Twitter)";"Waarschijnlijk wel";"Het was te druk. Het was vooraf niet duidelijk dat er tickets voor de workshops gehaald moesten worden. Stonden we te eachten bij de work, moesten we terug naar de info balie, waar alles al uitverkocht was om 11:45. Dit was echt teleurstellend. ";
"2023.10.23 16:58:21";"N";"Y";"7";"Waste bar vond onze zoon erg leuk";"We zijn niet echt meer in het Science center zelf geweest, dat was te druk";"3";"10, 48, 55";"Nederlands";"Het was een gratis evenement, Het is in de buurt, Interesse in techniek, Interesse in de TU Delft";"Nee";"Auto";"Duidelijk";"social media kanalen TU Delft Science Centre (Facebook, Instagram, Twitter)";"Waarschijnlijk wel";"Het was op een gegeven moment echt erg druk. En veel workshops/projecten waren toch wat onder het niveau van onze zoon. Boven de 10 met technische kennis heb je veel van die dingen al wel voorbij zien komen en dan val je een beetje in een gat omdat je nog wel iets wilt dóen - je bent nog een kind - maar het aanbod niet matcht. We merken dat overigens ook in musea. Voor onder de 10 veel te doen en dan valt er een gat.";
"2023.10.23 17:13:07";"N";"Y";"8";"robotje maken van de tandenborstel";"regelen van kaartjes voor de workshops, tijdline was niet heel duidelijk, langs wachtrij eenmaal aan de beurt was alles bijna weg";"5 of meer";"8,8,11,11,41,41,51,55";"nederlands";"Interesse in techniek, Interesse in de TU Delft";"Ja";"Fietsend";;"nieuwsbrief TU Delft Science Centre";"Waarschijnlijk wel";"betere/meer lunch en drink mogelijkheden. Lange wachtrijen en in combi met de gereserveerde workshops hadden we geen tijd om een drankje/lunch te halen.";
"2023.10.23 17:16:36";"N";"Y";"6";"Studentenprojecten";"Overal knutselen omdat m'n zoon 15 is";"2";"15 en 46";"Nl";"Interesse in techniek, Interesse in de TU Delft, Anders, namelijk: Omdat het science center al zo lang dicht is";"Nee";"Anders, namelijk: Afgezet met de auto";;"website TU Delft Science Centre";"Zeker weten";"Een deel van het gebeuren richten op pubers en volwassenen. Misschien een aparte hal vanaf 14 jaar ofzo. Nu leek het wel 1 grote speeltuin. Eigenlijk was het bijna alleen geschikt voor jonge kinderen. ";
"2023.10.23 17:22:18";"N";"Y";"9";"Limonadefabriek. Interessant om water te filteren.";"Dreamhall. Was veel te druk, ik kon nergens bij.";"3";"51 & 52";"Nederlandse";"Interesse in techniek";"Ja";"Auto";"Duidelijk";"nieuwsbrief TU Delft Science Centre";"Zeker weten";"Beter bezoekers laten circuleren om opstopping te voorkomen.";
"2023.10.23 17:25:37";"N";"Y";"8";"Raketbouwen";"Nvt";"5 of meer";"10,13,2";"Nederlands ";"Interesse in techniek";"Ja";"Auto";"Duidelijk";"website TU Delft Science Centre";"Zeker weten";"";
"2023.10.23 17:28:01";"N";"Y";"10";"Microrobot maken. Je kon het helemaal zelf maken en mee naar huis nemen. ";"Green village, want daar zijn we niet aan toe gekomen. (We hebben uit tijdnood enkel een stempel gehaald.)";"2";"10 en 40";"Nederlands ";"Het was een gratis evenement, Interesse in techniek, Interesse in de TU Delft";"Nee";"Openbaar vervoer";;"social media kanalen TU Delft Science Centre (Facebook, Instagram, Twitter)";"Zeker weten";"Niets";
"2023.10.23 17:38:15";"N";"Y";"8";"";"";"2";"16";"Nederlands";"Interesse in techniek, Interesse in de TU Delft, Anders, namelijk: Vroege orientatie vervolgopleiding";"Nee";"Auto";"Duidelijk";"website TU Delft Science Centre";"Waarschijnlijk wel";"Nvt";
"2023.10.23 17:57:56";"N";"Y";"10";"Auto maken";"Regendouche";"3";"7, 44, 49";"Nederlands ";"Het was een gratis evenement, Interesse in techniek, Interesse in de TU Delft, Anders, namelijk: Dochter van 7 kennis laten maken met techniek en TU ";"Nee";"Auto";"Duidelijk";"website TU Delft Science Centre, anders, namelijk: Nationale wetenschapsweekend";"Zeker weten";"Sommige inloopworkshops erg druk misschien die wat ruimer opzetten ";
"2023.10.23 18:08:35";"N";"Y";"10";"Autootje in elkaar zetten met motortje. Hadden mijn dochters nooit gedaan en weet ik zelf ook te weinig van. ";"Wij waren vroeg, maar workshops waren al vol.";"4";"7, 9, 44, 46";"NL";"Het was een gratis evenement, Het is in de buurt, Interesse in techniek";"Nee";"Auto";"Duidelijk";"social media kanalen TU Delft Science Centre (Facebook, Instagram, Twitter)";"Zeker weten";"Workshop waar mijn dochter aan deel wilde nemen was te druk. We kregen te horen dat we later terug moesten komen en toen waren de materialen op. Ik begrijp dit, mijn dochter iets minder ;-)";
"2023.10.23 18:13:34";"N";"Y";"9";"Swarm of Drones: Leuk om iets geprogrammeerd te zien bewegen";"Eerlijk gezegd, niets :-)";"1";"28";"Italië";"Het was een gratis evenement, Het is in de buurt, Interesse in techniek, Interesse in de TU Delft";"Nee";"Lopend";;"nieuwsbrief TU Delft Science Centre";"Zeker weten";"Alles was erg leuk en goed georganiseerd!";
"2023.10.23 18:29:02";"N";"Y";"8";"Mad science";"";"3";"8,43,52";"Nederlands, iraans";"Het is in de buurt, Interesse in techniek, Interesse in de TU Delft";"Nee";"Auto";"Duidelijk";"website TU Delft Science Centre";"Waarschijnlijk wel";"Kaartjes voor activiteiten via website kunnen reserveren ";
"2023.10.23 18:55:06";"N";"Y";"7";"Dreamhall";"";"3";"14 53 56";"Nederlands";"Het is in de buurt, Interesse in techniek";;"Fietsend";;"social media kanalen TU Delft Science Centre (Facebook, Instagram, Twitter)";"Waarschijnlijk wel";"Denk dat de doelgroep ouder moet zijn. Juist kinderen op het VO zijn bezig met keuzes maken voor de toekomst.";
"2023.10.23 19:31:02";"N";"Y";"9";"The practical workshops";"To stay in a long line to choose the workshops";"1";"10";"Brazil";"Het was een gratis evenement, Het is in de buurt, Interesse in techniek, Interesse in de TU Delft";"Nee";"Fietsend";;"website TU Delft Science Centre, nieuwsbrief TU Delft Science Centre, reclameborden in de stad";"Zeker weten";"Make the workshop selection on-line before granting the ticket";
"2023.10.23 19:35:04";"N";"Y";"8";"3D oen";"";"4";"";"";"Interesse in techniek, Interesse in de TU Delft";"Nee";"Auto";"Duidelijk";"familie, vrienden of kenissen";"Zeker weten";"";
"2023.10.23 19:42:31";"N";"Y";"9";"Byor, lekker creatieve en leerzaam";"";"2";"38 en 12";"Nederlandse ";"Het was een gratis evenement, Het is in de buurt, Interesse in techniek, Interesse in de TU Delft";"Ja";"Auto";"Duidelijk";"nieuwsbrief TU Delft Science Centre, social media kanalen TU Delft Science Centre (Facebook, Instagram, Twitter)";"Zeker weten";"De kaartjes voor de workshops werkte niet echt. Wij waren er vroeg, maar mensen die later waren stonden in een hele lange rij. Hierdoor kon je ook niet goed bij de stands die daar stonden.";
"2023.10.23 19:47:11";"N";"Y";"10";"Autootje bouwen met batterijen en daarna kijken hoe snel hij reed (ik weet niet precies hoe het onderdeel heet maar het was binnen in  The Green Village)";"";"3";"7";"Nederlands";"Interesse in techniek";"Nee";"Auto";"Neutraal";"social media kanalen TU Delft Science Centre (Facebook, Instagram, Twitter)";"Zeker weten";"Niets. Weinig onderdelen gedaan, want kinderen waren hier 2,5 uur bezig. Uitleg van de meneer bij de mineralen (civiele techniek) ook het vermelden waard, zeer enthousiaste man met veel leuke feiten. Over het algemeen: zeer, zeer enthousiaste studenten en docenten, veel te doen, topdag gehad";
"2023.10.23 19:52:21";"N";"Y";"8";"De hyperloop en het gebouw met de dreamteams, ik wist niet dat die daar was";"De drukte";"3";"42, 41 en 13 jaar";"Nederlands";"Het was een gratis evenement, Het is in de buurt, Interesse in techniek, Interesse in de TU Delft";"Ja";"Fietsend";;"social media kanalen TU Delft Science Centre (Facebook, Instagram, Twitter)";"Zeker weten";"Drukte iets meer managen";
"2023.10.23 20:04:24";"N";"Y";"10";"Mad Science ";"Alles was leuk ";"4";"7/11/43/46";"Brits/ Nederlanda";"Het was een gratis evenement, Het is in de buurt, Interesse in techniek, Interesse in de TU Delft";"Nee";"Auto";"Duidelijk";"social media kanalen TU Delft Science Centre (Facebook, Instagram, Twitter)";"Zeker weten";"Mischien minder volwassenen toelaten. Dus 1 volwassenen met 1 of meer kinderen.  Vaak stonden de volwassen in de weg van de kinderen en namen natuurlijk plekken in bij de workshops.  Je hoeft als ouders moet beide mee. ";
"2023.10.23 20:13:21";"N";"Y";"6";"De Formule 5 auto. Daar stond een enthousiaste student bij waar we iets van hebben geleerd.";"Alles waar we vanwege de drukte niet bij konden, en dat was veel.";"4";"42, 40, 12 en 8";"Nederlands ";"Interesse in techniek, Interesse in de TU Delft";"Nee";"Fietsend";;"familie, vrienden of kenissen";"Neutraal";"Entree rekenen of tijdslots om drukte te spreiden. Catering x5 in capaciteit, plek om gewoon water te kopen ipv flat whites.";
"2023.10.23 20:23:28";"N";"Y";"8";"Ik vond alles wel leuk om te doen. Het was leerzaam.";"N.v.t";"3";"10, 47 en 59 jaar";"Nederlands";"Het was een gratis evenement, Het is in de buurt, Interesse in techniek";"Nee";"Auto";"Duidelijk";"social media kanalen TU Delft Science Centre (Facebook, Instagram, Twitter)";"Zeker weten";"Graag op de zelfde voet doorgaan";
"2023.10.23 20:28:45";"N";"Y";"8";"Mini-bibberbot maken. Kijken of je m recht kon laten gaan. ";"De workshops. Toen we na 3 kwartier (dus 11.45) kaartjes wilden, was alles op en hadden degen die als eerste kwamen, 3 workshops en wij geen een. Een verdeling over tijd od maar 1 workshop pp zou eerlijker zijn. ";"2";"13-54";"Nl";"Interesse in techniek";"Nee";"Auto";"Duidelijk";"familie, vrienden of kenissen";"Zeker weten";"De workshoprondes anders indelen zodat je ook, als je later bent (wij moesten en uur rijden) nog mee kunt doen en niet drie workshops naar 1 kind gaan";
"2023.10.23 20:40:50";"N";"Y";"8";"Gezichtsherkenning kleien. Wie houdt er nou niet van kleien? :)";"-";"5 of meer";"48, 12, 10 en 7";"NL";"Het was een gratis evenement, Het is in de buurt, Interesse in techniek";"Nee";"Fietsend";;"social media kanalen TU Delft Science Centre (Facebook, Instagram, Twitter)";"Zeker weten";"";
"2023.10.23 20:42:09";"N";"Y";"7";"fossielen onder de microscoop";"dreamteam loods";"4";"50, 48, 2x 11 jaar";"Nederlands";"Interesse in techniek, Interesse in de TU Delft";"Ja";"Auto";"Neutraal";"nieuwsbrief TU Delft Science Centre";"Waarschijnlijk wel";"meer limonade voor kids en gezonde eet mogelijkheden";
"2023.10.23 20:52:57";"N";"Y";"7";"D-Dream gedeelte";"Geotechniek";"2";"44, 13";"Nederlandse";"Interesse in techniek, Interesse in de TU Delft";"Ja";"Auto";"Duidelijk";"anders, namelijk: Alumni Netwerk";"Waarschijnlijk wel";"Kies eens een andere faculteit; het is twee jaar hetzelfde. Graag bv. L&R of Natuurkunde die in de picture staat.";
"2023.10.23 21:10:08";"N";"Y";"9";"alles, van alles kan je dingen leren";"dat we geen microrobotje (tandenborstel) heb kunnen maken omdat de onderdelen op waren";"4";"48 -44-11-9";"nederlands";"Het was een gratis evenement, Het is in de buurt, Interesse in techniek, Interesse in de TU Delft";"Ja";"Auto";"Duidelijk";"nieuwsbrief TU Delft Science Centre, anders, namelijk: email";"Zeker weten";"in het eerste gebouw stonden heel veel dingen om te doen dicht bij elkaar, dit meer verspreiden over het terrein";
"2023.10.23 21:26:03";"N";"Y";"7";"DNA Uit aarbeien halen. Heel bijzonder. Kunnen we thuis niet doen. Passend bij interesse";"Micro tattoo maken Mega vlekzooi op twee armen. Terwijl het heel mooi was opgebracht. Ergens is er iets mis gegaan met henna weghalen. De workshopleider heeft het er afgehaald maar blijkbaar is het met grote vegen blijven zitten. Dat zie je niet met het  oog maar dat zou hij moeten weten. Napoetsen/spoelen volgende keer ?";"3";"8 10 45";"Nederlands ";"Het was een gratis evenement, Het is in de buurt, Interesse in techniek, Interesse in de TU Delft, Anders, namelijk: Fijn met mensen om te gaan met dezelfde interesses. ";"Ja";"Auto";"Duidelijk";"website TU Delft Science Centre, nieuwsbrief TU Delft Science Centre, social media kanalen TU Delft Science Centre (Facebook, Instagram, Twitter), krant";"Zeker weten";"Minder rijen, meer eetgelegenheden, alleen duurzame speeltjes bij inleveren stempelkaart, duurzame materialen gebruiken, linkjes op de website naar waar de workshop etc over gaan zodat je beter kunt kiezen. ";
"2023.10.23 21:30:13";"N";"Y";"10";"Robot maken";"Mijn kinderen hebben van alles enorm genoten.";"3";"6, 9, 41";"Bulgaars";"Interesse in techniek, Interesse in de TU Delft";"Nee";"Auto";"Duidelijk";"nieuwsbrief TU Delft Science Centre";"Zeker weten";"";
"2023.10.23 21:30:34";"N";"Y";"9";"Robot maken van tandenborstel en diertje maken";"";"2";"8";"Nederlands";"Het is in de buurt, Interesse in techniek";"Nee";"Fietsend";;"anders, namelijk: Cultuurbarbaren basisschool";"Zeker weten";"W8j kwamen 12 uur en alle tickets  waren al op";
"2023.10.23 22:03:11";"N";"Y";"7";"De workshop/doe activiteiten voor de kids";"Lego lezing, was niet voor kinderen. Te moeilijke woorden en verhaal. Sloot niet aan bij leefwereld kids. Tis een kunst om je kennis te vertalen naar het kinderbrein";"5 of meer";"Man en kinderen (11, 8 & 8)";"Nederlands";"Interesse in de TU Delft";"Nee";"Fietsend";;"social media kanalen TU Delft Science Centre (Facebook, Instagram, Twitter)";"Waarschijnlijk wel";"Was voor ons niet duidelijk dat je tickets moest halen voor workshops, was al heel snel vol terwijl wij begonnen met verkennen van de campus, rondkijken en wilden daarna gericht kiezen. Maar dat was niet meer mogelijk terwijl we er relatief vroeg waren rond 12.45. ";
"2023.10.23 22:19:01";"N";"Y";"6";"mini robot bouwen";"de drukte";"2";"11, 44";"Nederlands";"Interesse in techniek";"Ja";"Auto";"Duidelijk";"nieuwsbrief TU Delft Science Centre";"Waarschijnlijk wel";"manier verzinnen om beter de onderdelen te verspreiden, het was op sommige plekken veel te druk";
"2023.10.23 22:24:28";"N";"Y";"10";"";"";"1";"30";"Brazilian";"Het is in de buurt, Interesse in de TU Delft";"Nee";"Lopend";;"reclameborden in de stad";"Zeker weten";"";
"2023.10.24 04:09:40";"N";"Y";"9";"De kleinschalige opzet van experimenten en onderzoek";"De friettent op het terrein had oud vet!";"4";"8";"Nl";"Het was een gratis evenement";"Nee";"Auto";;"familie, vrienden of kenissen";"Waarschijnlijk wel";"De friettent, was van een erg slechte kwaliteit. (oud vet) ";
"2023.10.24 05:09:15";"N";"Y";"8";"Mad Science Show";"Green Village ";"3";"8, 47 en 51";"Nederlands";"Interesse in techniek, Interesse in de TU Delft";"Ja";"Auto";"Duidelijk";"nieuwsbrief TU Delft Science Centre, social media kanalen TU Delft Science Centre (Facebook, Instagram, Twitter)";"Zeker weten";"Het systeem met toegangskaarten werkt echt heel goed. Dit voorkomt teleurstelling aan de deur van een workshop. De Mad Science shows zijn altijd heel populair. Deze waren nu in een hele grote collegezaal, waardoor het voor de scientist lastig was om alle kinderen erbij te betrekken. Hij was dus vaak een tijd door de zaal aan het lopen om ook achterin dingen te laten zien (en dan zaten de kinderen voorin 5 minuten naar een lege tafel te kijken). Meerdere shows op een dag en dan in een kleinere zaal zou fijn zijn. Ook begon de show bijna 20 minuten te laat, waardoor we voor andere workshops moesten haasten of te laat waren. Op tijd de deuren sluiten en dan helaas mensen die te laat zijn niet meer toelaten. Nu dupeer je de mensen die wel ruim op tijd op de locatie aanwezig waren (15 minuten vooraf) en dus in totaal 35 minuten hebben zitten wachten tot de show begon.";
"2023.10.24 06:47:37";"N";"Y";"10";"";"";"3";"6";"NL & US";"Interesse in techniek, Interesse in de TU Delft";"Nee";"Auto";"Neutraal";"reclameborden in de stad";"Zeker weten";"Thank you for the great event! We wish you could arrange it more often to promote science among kids";
"2023.10.24 07:46:13";"N";"Y";"7";"Mad science show, was een leuke show";"Er was niet echt iets niet leuk";"1";"8";"NL";"Interesse in techniek";"Nee";"Auto";"Duidelijk";"familie, vrienden of kenissen";"Waarschijnlijk wel";"Drinken was slecht verkrijgbaar. Dus volgende keer meer plekken waar drinken gekocht kan worden.";
"2023.10.24 08:13:57";"N";"Y";"8";"Dare, zelf een raket bouwen en lanceren";"BYOR, daarvoor was een ticket nodig en die waren al heel snel op";"2";"12 & 49";"Nederlands";"Het was een gratis evenement, Interesse in techniek, Interesse in de TU Delft";"Nee";"Fietsend";;"familie, vrienden of kenissen";"Zeker weten";"Wachtrijen voor tickets en populaire activiteiten verminderen";
"2023.10.24 08:26:30";"N";"Y";"5";"";"Dat alles binnen een half uur was volgeboekt en er geen mogelijkheden meer waren. Hierdoor heb ik kinderen moeten teleurstellen.";"5 of meer";"44, 43, 12, 11, 10 en 9";"Nederlandse ";"Interesse in techniek, Interesse in de TU Delft";"Nee";"Auto";"Duidelijk";"nieuwsbrief TU Delft Science Centre";"Wellicht";"Zorgen dat we voor iedereen mogelijkheden zijn om workshops te volgen. Het is bekend hoeveel mensen komen dan kan daarop worden geanticipeerd.";
"2023.10.24 08:41:18";"N";"Y";"6";"";"";"5 of meer";"4-6";"nederlands";"Anders, namelijk: onze kinderen zijn gek op wetenschap en techniek";"Nee";"Auto";"Duidelijk";"familie, vrienden of kenissen";"Waarschijnlijk wel";"duidelijker communiceren over de shows. Nu waren de kaarten al snel weg.";
"2023.10.24 09:03:46";"N";"Y";"10";"Micro robot bouwen, het beweegt! Kinderen waren/zijn er dol op!!";"Geen!";"3";"Bijna 7 en 8,5 jaar";"Nederlandse van Marokkaanse afkomst ";"Het is in de buurt, Interesse in techniek, Interesse in de TU Delft";"Nee";"Auto";"Duidelijk";"familie, vrienden of kenissen";"Zeker weten";"Tweedaags evenement en/of frequenter organiseren, het was te kort om alle activiteiten te doen in de 4 uur die wij er waren";
"2023.10.24 11:05:12";"N";"Y";"8";"Wateroverlast in de stad was leerrijk";"";"4";"43/5/9";"Nederlandse ";"Het was een gratis evenement, Het is in de buurt, Interesse in techniek, Interesse in de TU Delft";"Ja";"Auto";"Duidelijk";"nieuwsbrief TU Delft Science Centre";"Zeker weten";"";
"2023.10.24 12:09:23";"N";"Y";"10";"All projects are very playful and also the staff and volunteers are all very friendly ";"One day is too short and too little choice for food. ";"3";"7";"Dutch and Chinese";"Interesse in techniek, Interesse in de TU Delft";"Nee";"Auto";"Duidelijk";"nieuwsbrief TU Delft Science Centre, familie, vrienden of kenissen";"Zeker weten";"More food. ";
"2023.10.24 12:21:17";"N";"Y";"8";"";"";"3";"15";"ned";"Interesse in techniek, Interesse in de TU Delft";"Ja";"Auto";"Neutraal";"website TU Delft Science Centre, nieuwsbrief TU Delft Science Centre, social media kanalen TU Delft Science Centre (Facebook, Instagram, Twitter)";"Zeker weten";"meer publiciteit";
"2023.10.24 13:43:08";"N";"Y";"9";"Het maken van het mini robotje, omdat dit een leuke introductie was van iets technisch in elkaar zetten met snel/leuk resultaat.";"M’n dochter vond alles leuk en kan niets opnoemen";"3";"9 en 45";"Nederlands";"Interesse in techniek";"Nee";"Auto";"Duidelijk";"social media kanalen TU Delft Science Centre (Facebook, Instagram, Twitter)";"Zeker weten";"Het was goed zo";
"2023.10.24 15:33:13";"N";"Y";"9";"Alles met doen!";"geen";"4";"8+10 en ouders";"NL";"Het was een gratis evenement, Het is in de buurt, Interesse in techniek, Interesse in de TU Delft, Anders, namelijk: alumni en werknemer";"Ja";"Auto";"Duidelijk";"website TU Delft Science Centre, nieuwsbrief TU Delft Science Centre, social media kanalen TU Delft Science Centre (Facebook, Instagram, Twitter), familie, vrienden of kenissen";"Zeker weten";"Toepassen van simpele animaties voor uitleg (bijv lift vliegtuigvleugel). Show was ook erg leuk.";
"2023.10.24 16:26:36";"N";"Y";"6";"De stand met de stenen en mineralen bij CiTG";"De mad show, we hadden er meer van verwacht, hij begon bijna 20 minuten te laat, de kinderen vonden het een beetje saai en we hebben daardoor veel andere dingen niet kunnen doen.";"3";"8";"NL";"Het was een gratis evenement, Het is in de buurt, Interesse in de TU Delft";"Nee";"Auto";"Duidelijk";"nieuwsbrief TU Delft Science Centre";"Waarschijnlijk wel";"Er was een mega lange rij voor de tickets voor de workshops en alles was vrij snel uitverkocht, waardoor we geen (besloten) workshops hebben kunnen doen. Ik miste ook informatie over welke workshops leuk zijn voor mijn kids. Er was superveel te doen, te veel voor 1 dag, en om dan een gericht plan te maken heb je meer info nodig. Ook kon de catering beter. Een friet-bus voor deze omvang is te weinig/weinig keus. ";
"2023.10.24 17:25:02";"N";"Y";"9";"Mad science show";"VR Room omdat kids te lang erin stonden waardoor de rij te lang was. ";"4";"39, 36, 9 en 6";"NL";"Het was een gratis evenement, Het is in de buurt, Interesse in techniek, Interesse in de TU Delft, Anders, namelijk: Kids met wetenschap in contact brengen";"Nee";"Auto";"Duidelijk";"nieuwsbrief TU Delft Science Centre";"Zeker weten";"Kinderen waren ontzettend enthousiast. Mogelijkheid om poffertjes te kopen ipv ruilen tegen afval.";
"2023.10.24 18:16:08";"N";"Y";"9";"Kindercollege: leven als Lego en gezicht kleien met software";"";;"";"";;;;;;;"";
"2023.10.24 18:19:08";"N";"Y";"9";"Kindercollege leven als Lego en gezicht kleien met software omdat ik dit echt dingen zijn waar je van leert";"De workshops want alle tickets waren snel op en daar was het druk";"3";"9, 11, 45";"Nederlands";"Interesse in techniek, Interesse in de TU Delft, Anders, namelijk: Interessant , inspirerend en leerzaam";"Ja";"Auto";"Duidelijk";"social media kanalen TU Delft Science Centre (Facebook, Instagram, Twitter)";"Zeker weten";"Tickets workshops anders verdelen ";
"2023.10.24 19:16:09";"N";"Y";"8";"Waste bar! De opening van de diverse gebouwen, zodat ook ouders een leuke dag hadden :) Mad science show en de diverse workshops";"Drukte science center, te veel workshops te dicht op elkaar";"4";"4 7 38 37";"Nederlands";"Interesse in de TU Delft, Anders, namelijk: Beide ouders werken op de TU Delft en we weten hoe tof de activiteiten zijn die het science center organiseert";"Nee";"Fietsend";;"nieuwsbrief TU Delft Science Centre";"Zeker weten";"Meer eetgelegenheden en betere spreiding bij de opening. Manier aanmelden voor workshops veranderen";
"2023.10.24 21:10:05";"N";"Y";"4";"kijkje in de gebouwen";"Het was te druk, er was chaos, materialen waren op en lagen overal verspreid op de grond, en begeleiders waren niet uitgerust om in deze drukte les te geven ";"4";"12 en 10 en 2 volwassenen";"NL";"Interesse in techniek, Interesse in de TU Delft";"Ja";"Auto";"Duidelijk";"anders, namelijk: Cultuurbarbaren";"Niet";"Tijdsloten, kleine groepjes, voldoende materiaal en betere begeleiding";
"2023.10.24 21:41:58";"N";"Y";"9";"Mad science show, kids vonden t mega interessant ";"Auto bouwen, de pakketten waren al op";"4";"8, 13, 38, 44";"Nederlandse ";"Interesse in de TU Delft";"Nee";"Auto";"Duidelijk";"website TU Delft Science Centre";"Zeker weten";"Voldoende voorraad, en kenbaar maken bij entree dat er kaartjes voor de workshops gehaald moeten worden. Was ons niet verteld en daarom geen enkele kunnen doen helaas";
"2023.10.24 22:18:47";"N";"Y";"8";"Regenwaterdemonstratie in de Green Village";"";"3";"46, 15 en 11";"Nederlands/Engels";"Het was een gratis evenement, Interesse in techniek, Interesse in de TU Delft";"Ja";"Auto";"Duidelijk";"nieuwsbrief TU Delft Science Centre";"Zeker weten";"";
"2023.10.25 06:17:29";"N";"Y";"10";"Robot van tandenborstel";"Kaartjes waren vergeven";"2";"7 en 40";"Nl";"Het was een gratis evenement, Het is in de buurt";"Nee";"Auto";"Neutraal";"familie, vrienden of kenissen";"Zeker weten";"Het was echt zo goed geregeld, weinig wachttijd, veel uitleg en tijd ervoor. We komen zeker weten weer";
"2023.10.25 10:00:33";"N";"Y";"8";"Spektakelshow, dat vond mijn zoon het leukst. ";"Mijn leven als Lego. Dit was echt niks voor kleine kinderen. ";"3";"8 en 47";"Nederlands ";"Het was een gratis evenement, Interesse in techniek, Interesse in de TU Delft";"Nee";"Auto";"Duidelijk";"anders, namelijk: Via cultuurbarbaren ";"Waarschijnlijk wel";"Zo doorgaan";
"2023.10.25 10:06:03";"N";"Y";"8";"College micro organismen,  fantastische presentatie met veel interactie.  Zeer stimulerend voor kinderen om academische opleiding te doen.";"Eigenlijk geen stomme dingen gedaan";"4";"8,9 en 10 jaar (en 41 jaar)";"NL";"Interesse in techniek";"Ja";"Auto";"Duidelijk";"nieuwsbrief TU Delft Science Centre";"Zeker weten";"Workshop tickets al bij bestelling digitaal verdelen.  Was enorme wachtrij voor de tickets, zonde van de tijd en beperkend voor bezoeken doorlopende workshops in rood.";
"2023.10.25 10:52:29";"N";"Y";"7";"auto's maken in green village";"Drukte";"4";"4, 7, 38, 38";"Nederlandse";"Anders, namelijk: Werken allebei op de TU";"Nee";"Fietsend";;"social media kanalen TU Delft Science Centre (Facebook, Instagram, Twitter)";"Waarschijnlijk wel";"Het was erg druk. Dit is voor mensen die wat slechter tegen prikkels kunnen niet handig. Onze oudste heeft autisme en heeft interesse in techniek, alleen was het voor hem eigenlijk te druk. Wellicht kan daar iets voor gedaan worden? Ik denk dan aan een rustige ruimte, workshops die in een ander deel van het gebouw plaatsvinden en waar je van te voren voor moet reserveren. Een deel van de studenten aan de TU heeft ook autisme, de toekomstige studenten dus ook. Dus goed om daar ook in voorlichting al rekening mee te houden. ";
"2023.10.26 08:30:37";"N";"Y";"8";"Civiele techniek";"De gezichts herkenning ";"3";"8 en 60 jaar";"Nederland en Engels ";"Interesse in techniek";"Nee";"Auto";"Duidelijk";"anders, namelijk: Via een ouder van basisschool van onze zoontje";"Zeker weten";"Meer eten en drinken foodtrucks (koffie/ thee en sappen). Echt te langen rijen en koffie was snel uitverkocht . ";
"2023.10.26 10:35:47";"N";"Y";"10";"Robots";"Nvt";"3";"11 77 78";"Nederlands";"Interesse in techniek";"Nee";"Auto";"Duidelijk";"nieuwsbrief TU Delft Science Centre";"Zeker weten";"Alles was perfect in orde weet geen verbeterpunten";
"2023.10.26 22:04:44";"N";"Y";"9";"Alles wat wij gezien hebben";"Niets";"4";"39 37 13 8";"Nederlandse";"Interesse in techniek, Interesse in de TU Delft";"Nee";"Auto";"Duidelijk";"website TU Delft Science Centre, nieuwsbrief TU Delft Science Centre";"Zeker weten";"Een beter patatkraam, en miss gezond eten kraam zoals broodjes kraam verder was alles zeer interessant en goed georganiseerd";
"2023.10.28 18:48:22";"N";"Y";"8";"Robots maken ";"Meeste workshops waren snel vol";"2";"9 en 42";"Nederlands";"Interesse in techniek, Interesse in de TU Delft";"Nee";"Auto";"Duidelijk";"website TU Delft Science Centre";"Waarschijnlijk wel";"";
"2023.11.04 11:30:57";"N";"Y";;"workshops-do shops";"Lab sessies geen toegang vanwege vroeg uitgifte extra entree bewijzen: hopeloos";"3";" 10,11 en 75";"NL";"Interesse in techniek";"Nee";"Anders, namelijk: gebracht en gehaald";;"krant, anders, namelijk: DoZ";"Waarschijnlijk wel";"Beter en gericht uitgeven toegang tot lab projecten: met leeftijd controle!!";
"2023.11.11 11:11:35";"N";"Y";"10";"borsteltje met batterij; makkelijk te bouwen en leuke effect";"vieze water filteren en drinken; geen duidelijke uitleg hoe brein onderzoek helpt de zieke mensen ";"3";"43; 10; 9";"Nederlanders";"Het was een gratis evenement, Interesse in techniek, Interesse in de TU Delft";"Nee";"Openbaar vervoer";;"website TU Delft Science Centre";"Zeker weten";"online alvast aanmelden voor de activiteiten; geen lange wachtrijen";
"2023.12.14 12:27:15";"N";"Y";"8";"De workshop met onderwaterdieren, omdat de kinderen zelf iets konden maken en de begeleiders erg aardig waren";"De robotrace, omdat dit veel minder interactief was dan vorig jaar, toen had je er veel meer zicht op, omdat het'parcours' op de grond was";"4";"8,10, 49, 46";"NL";"Het is in de buurt, Interesse in techniek, Interesse in de TU Delft";"Ja";"Auto";"Duidelijk";"nieuwsbrief TU Delft Science Centre";"Zeker weten";"Nog meer horecapunten en laat mensen die vroeg komen kiezen uit de workshops. Zo zijn niet alle workshops al vol als je er niet meteen om 10.00 uur bent. Dus laat ze óf 1 workshop max. pp kiezen, of geef de tickets vrij in series.";
